"Metric","Value"
"Average Bias",0.000994084151598035
"Global RMSE",0.117832840418949
"Average MSE",0.0138845782811976
"Coverage Rate (95%)",0.96
