"Metric","Value"
"WAIC",3396.55470889912
"LPML",-1725.58304035666
