"Metric","Value"
"WAIC",3386.13740299141
"LPML",-1712.73346837871
